Items No,Identifier,Status,Note,Prize
1,leo******20,Join,New Order #1,
2,par***ne,Join,New Order #2,
3,lA***sl,Join,Old Order #1,
4,vod**********an,Join,Old Order #2,
5,14401764,Join,New Order #3,
6,14406702,Join,New Order #4,
7,14411152,Join,New Order #5,
8,jay****21,Join,New Order #6,
9,083**ei,Join,Old Order #3,
10,cse*****ci,Join,Old Order #4,
11,14419609,Join,New Order #7,
12,tra******20,Join,New Order #8,
13,Kh*************ji,Join,New Order #9,
14,ssh***ah,Join,New Order #10,
15,nic**********sk,Join,New Order #11,
16,sto**,Join,New Order #12,
17,gio****************il,Join,Old Order #5,
18,kee*******is,Join,Old Order #6,
19,14431781,Join,New Order #13,
20,saf***25,Join,New Order #14,
21,14435438,Join,New Order #15,
